{"Train accuracy":96.1217183770883,"_runtime":202.096023,"epoch":9,"gradients/sequential.7.weight":{"bins":[-0.03889698535203934,-0.03724293038249016,-0.03558887541294098,-0.0339348204433918,-0.03228076547384262,-0.03062671236693859,-0.028972657397389412,-0.027318602427840233,-0.025664549320936203,-0.024010494351387024,-0.022356439381837845,-0.020702384412288666,-0.019048329442739487,-0.017394274473190308,-0.015740221366286278,-0.014086166396737099,-0.01243211142718792,-0.01077805645763874,-0.009124002419412136,-0.007469947449862957,-0.005815892945975065,-0.0041618384420871735,-0.002507783705368638,-0.0008537290850654244,0.0008003255352377892,0.002454380039125681,0.004108434543013573,0.005762489512562752,0.0074165440164506435,0.009070598520338535,0.010724653489887714,0.012378707528114319,0.014032762497663498,0.015686817467212677,0.017340872436761856,0.018994925543665886,0.020648980513215065,0.022303035482764244,0.023957090452313423,0.025611145421862602,0.027265198528766632,0.02891925349831581,0.03057330846786499,0.03222736343741417,0.03388141840696335,0.03553547337651253,0.03718952834606171,0.038843583315610886,0.040497638285160065,0.042151689529418945,0.043805744498968124,0.0454597994685173,0.04711385443806648,0.04876790940761566,0.05042196437716484,0.05207601934671402,0.0537300743162632,0.05538412928581238,0.05703818425536156,0.05869223549962044,0.06034629046916962,0.062000345438718796,0.06365440040826797,0.06530845910310745,0.06696251034736633],"_type":"histogram","values":[2,5,4,3,3,8,10,14,14,7,18,35,47,92,119,196,242,357,612,1095,2147,4372,11084,1.132292e+06,8025,5384,3836,2609,1733,1246,966,659,489,388,318,245,188,158,131,107,86,59,37,29,26,21,21,15,19,15,8,6,5,6,7,4,5,5,2,4,2,4,1,1]},"gradients/sequential.0.weight":{"bins":[-0.15865734219551086,-0.1524949073791504,-0.14633247256278992,-0.14017005264759064,-0.13400761783123016,-0.1278451830148697,-0.12168275564908981,-0.11552032828330994,-0.10935789346694946,-0.10319545865058899,-0.09703303128480911,-0.09087060391902924,-0.08470816910266876,-0.07854573428630829,-0.07238330692052841,-0.06622087955474854,-0.06005844473838806,-0.053896013647317886,-0.04773358255624771,-0.041571151465177536,-0.03540872037410736,-0.029246289283037186,-0.02308385819196701,-0.016921427100896835,-0.01075899600982666,-0.004596564918756485,0.0015658661723136902,0.007728297263383865,0.01389072835445404,0.020053159445524216,0.02621559053659439,0.032378021627664566,0.03854045271873474,0.044702883809804916,0.05086531490087509,0.05702774599194527,0.06319017708301544,0.06935261189937592,0.07551503926515579,0.08167746663093567,0.08783990144729614,0.09400233626365662,0.10016476362943649,0.10632719099521637,0.11248962581157684,0.11865206062793732,0.1248144879937172,0.13097691535949707,0.13713935017585754,0.14330178499221802,0.1494642198085785,0.15562663972377777,0.16178907454013824,0.16795150935649872,0.174113929271698,0.18027636408805847,0.18643879890441895,0.19260123372077942,0.1987636685371399,0.20492608845233917,0.21108852326869965,0.21725095808506012,0.2234133780002594,0.22957581281661987,0.23573824763298035],"_type":"histogram","values":[1,0,0,0,1,0,1,0,0,2,0,1,0,2,1,2,1,3,5,6,5,7,9,1,13,11,10,23,8,10,7,13,7,4,10,10,4,9,11,11,15,10,7,8,6,3,2,3,5,1,3,1,3,3,0,0,2,3,2,0,0,0,1,1]},"_timestamp":1.737369799962784e+09,"Train loss":0.12332508437291592,"gradients/sequential.9.bias":{"bins":[-0.06371662765741348,-0.061768341809511185,-0.059820059686899185,-0.05787177383899689,-0.05592349171638489,-0.05397520586848259,-0.05202692374587059,-0.05007863789796829,-0.04813035577535629,-0.046182069927453995,-0.0442337840795517,-0.0422855019569397,-0.0403372161090374,-0.0383889339864254,-0.0364406481385231,-0.0344923660159111,-0.032544080168008804,-0.030595796182751656,-0.028647512197494507,-0.026699228212237358,-0.02475094422698021,-0.02280265837907791,-0.020854374393820763,-0.018906090408563614,-0.016957806423306465,-0.015009522438049316,-0.013061238452792168,-0.011112953536212444,-0.009164669550955296,-0.007216385565698147,-0.005268101114779711,-0.0033198168966919184,-0.0013715289533138275,0.0005767552647739649,0.0025250394828617573,0.004473323933780193,0.006421607919037342,0.00836989190429449,0.010318176820874214,0.012266460806131363,0.014214744791388512,0.01616302877664566,0.01811131276190281,0.020059596747159958,0.022007882595062256,0.023956166580319405,0.025904450565576553,0.027852734550833702,0.02980101853609085,0.03174930438399315,0.03369758650660515,0.035645872354507446,0.037594154477119446,0.039542440325021744,0.04149072244763374,0.04343900829553604,0.04538729041814804,0.04733557626605034,0.04928386211395264,0.051232144236564636,0.053180430084466934,0.055128712207078934,0.05707699805498123,0.05902528017759323,0.06097356602549553],"_type":"histogram","values":[1,0,0,0,0,0,0,0,0,0,0,0,0,0,0,0,0,0,0,0,0,0,0,0,0,0,0,0,0,0,0,0,7,1,0,0,0,0,0,0,0,0,0,0,0,0,0,0,0,0,0,0,0,0,0,0,0,0,0,0,0,0,0,1]},"_wandb":{"runtime":202},"validation accuracy":70.65839694656489,"gradients/sequential.7.bias":{"values":[1,0,0,1,0,0,1,0,0,0,0,1,1,1,1,2,1,2,2,1,1,0,2,93,0,1,0,0,0,0,0,1,1,0,1,0,0,0,0,1,3,0,1,1,0,0,0,1,0,1,1,1,0,0,0,0,1,0,0,1,0,0,0,1],"bins":[-0.01628713123500347,-0.015597119927406311,-0.01490710861980915,-0.01421709731221199,-0.01352708600461483,-0.012837075628340244,-0.012147064320743084,-0.011457053013145924,-0.010767041705548763,-0.010077030397951603,-0.009387019090354443,-0.008697007782757282,-0.008006997406482697,-0.007316985633224249,-0.006626974791288376,-0.0059369634836912155,-0.005246952176094055,-0.004556940868496895,-0.003866929793730378,-0.0031769187189638615,-0.002486907411366701,-0.0017968962201848626,-0.001106885029003024,-0.0004168738378211856,0.0002731373533606529,0.0009631485445424914,0.00165315973572433,0.0023431708104908466,0.003033182118088007,0.0037231934256851673,0.00441320426762104,0.005103215575218201,0.005793225020170212,0.006483236327767372,0.0071732476353645325,0.007863258942961693,0.008553270250558853,0.009243280626833439,0.0099332919344306,0.01062330324202776,0.01131331454962492,0.01200332585722208,0.01269333716481924,0.013383348472416401,0.014073358848690987,0.014763370156288147,0.015453381463885307,0.016143392771482468,0.016833404079079628,0.01752341538667679,0.01821342669427395,0.01890343800187111,0.01959344930946827,0.02028346061706543,0.02097347192466259,0.02166348323225975,0.02235349267721176,0.023043503984808922,0.023733515292406082,0.024423526600003242,0.025113537907600403,0.025803549215197563,0.026493560522794724,0.027183571830391884,0.027873583137989044],"_type":"histogram"},"predictions":{"size":166,"artifact_path":"wandb-client-artifact://7rdzbc92urm5ng9lfukv6gbnau6z73u9pf6xrqtnn5dz53vboi53tzty3nqw6pyog0t0cmhm9f7oyiou34ebudvqw3npw4dxval10jsuwfizcr7dfz2md01jxkpzeyjo/predictions.table.json","_latest_artifact_path":"wandb-client-artifact://m25s3okze34dusl3o4bcdpf8cqhct1fddkpeetrehwljvd2ph4sb9pjmivgjdaklm94vque6cg4j4jst9ebcglepu8h5monhiz3re8ifd9969wrj1333qdg259pb8yvt:latest/predictions.table.json","path":"media/table/predictions_0_cb548f93812a5a4cdef3.table.json","ncols":4,"nrows":50,"_type":"table-file","sha256":"cb548f93812a5a4cdef3e1a59d3eed803db0edd32866bd33faf0572b787c0d0b"},"gradients/sequential.3.weight":{"values":[2,1,0,1,1,1,0,0,4,1,10,4,5,16,12,12,14,28,50,62,84,147,256,526,1116,2333,6896,3034,1616,865,466,257,187,126,113,53,25,31,16,19,8,5,2,9,2,4,2,1,2,2,1,0,0,2,0,0,0,0,0,0,0,0,0,2],