{"gradients/sequential.7.bias":{"_type":"histogram","values":[1,0,1,1,0,0,0,1,0,0,1,0,2,1,1,2,2,2,0,1,2,3,3,3,2,84,0,2,0,1,0,0,0,0,0,0,1,1,0,0,0,1,0,2,0,0,1,0,0,1,0,0,0,0,0,1,1,0,0,0,0,1,0,2],"bins":[-0.02288549579679966,-0.02200246788561344,-0.021119441837072372,-0.020236413925886154,-0.019353387877345085,-0.018470359966158867,-0.017587333917617798,-0.01670430600643158,-0.01582127809524536,-0.014938252046704292,-0.014055225066840649,-0.013172198086977005,-0.012289170175790787,-0.011406143195927143,-0.0105231162160635,-0.009640089236199856,-0.008757062256336212,-0.007874035276472569,-0.006991008296608925,-0.006107980851083994,-0.00522495387122035,-0.004341926891356707,-0.0034588996786624193,-0.002575872465968132,-0.0016928454861044884,-0.0008098183898255229,7.320870645344257e-05,0.000956235802732408,0.0018392628990113735,0.002722289878875017,0.0036053170915693045,0.004488344304263592,0.005371373146772385,0.006254400126636028,0.007137427106499672,0.008020454086363316,0.00890348106622696,0.009786508977413177,0.010669535957276821,0.011552562937140465,0.012435589917004108,0.013318616896867752,0.014201643876731396,0.01508467085659504,0.015967698767781258,0.016850724816322327,0.017733752727508545,0.018616778776049614,0.019499806687235832,0.02038283459842205,0.02126586064696312,0.022148888558149338,0.023031914606690407,0.023914942517876625,0.024797968566417694,0.025680996477603912,0.02656402438879013,0.0274470504373312,0.028330078348517418,0.029213104397058487,0.030096132308244705,0.030979158356785774,0.03186218440532684,0.03274521231651306,0.03362824022769928]},"gradients/sequential.0.bias":{"bins":[-0.5074374675750732,-0.4868505597114563,-0.46626362204551697,-0.4456767141819,-0.4250898063182831,-0.40450286865234375,-0.3839159607887268,-0.36332905292510986,-0.3427421450614929,-0.3221552073955536,-0.30156829953193665,-0.2809813916683197,-0.26039445400238037,-0.23980754613876343,-0.2192206233739853,-0.19863371551036835,-0.1780467927455902,-0.15745986998081207,-0.13687296211719513,-0.11628603935241699,-0.09569912403821945,-0.07511220872402191,-0.05452528968453407,-0.033938370645046234,-0.013351455330848694,0.007235461845993996,0.027822379022836685,0.048409298062324524,0.06899621337652206,0.0895831286907196,0.11017005145549774,0.13075695931911469,0.15134388208389282,0.17193080484867096,0.1925177127122879,0.21310463547706604,0.23369154334068298,0.2542784810066223,0.27486538887023926,0.2954522967338562,0.31603920459747314,0.3366261422634125,0.3572130501270294,0.37779995799064636,0.3983868956565857,0.41897380352020264,0.4395607113838196,0.4601476490497589,0.48073455691337585,0.5013214945793152,0.5219084024429321,0.5424953103065491,0.563082218170166,0.583669126033783,0.6042560338973999,0.6248430013656616,0.6454299092292786,0.6660168170928955,0.6866037249565125,0.7071906328201294,0.7277775406837463,0.7483645081520081,0.768951416015625,0.7895383238792419,0.8101252317428589],"_type":"histogram","values":[1,0,0,0,0,0,0,0,0,1,1,2,0,0,0,1,0,1,1,5,0,0,1,1,2,3,1,1,2,2,1,0,0,0,1,0,0,1,0,0,0,0,2,0,0,0,0,0,0,0,0,0,0,0,0,0,0,0,0,0,0,0,0,1]},"epoch":9,"gradients/sequential.0.weight":{"_type":"histogram","values":[2,3,0,2,3,5,6,3,7,12,5,12,21,16,23,22,13,18,9,10,11,8,8,4,2,4,3,5,4,4,3,2,6,0,4,3,4,1,3,3,0,0,1,1,2,1,0,0,0,0,0,0,1,1,1,2,0,0,1,1,0,0,0,2],"bins":[-0.2567709982395172,-0.23765064775943756,-0.2185302972793579,-0.19940994679927826,-0.1802895963191986,-0.16116924583911896,-0.1420488953590393,-0.12292854487895966,-0.10380819439888,-0.08468784391880035,-0.0655674934387207,-0.04644714295864105,-0.0273267924785614,-0.00820644199848175,0.0109139084815979,0.03003425896167755,0.0491546094417572,0.06827495992183685,0.0873953104019165,0.10651566088199615,0.1256360113620758,0.14475636184215546,0.1638767123222351,0.18299706280231476,0.2021174132823944,0.22123776376247406,0.2403581142425537,0.25947844982147217,0.278598815202713,0.29771918058395386,0.3168395161628723,0.33595985174179077,0.355080246925354,0.37420058250427246,0.3933209478855133,0.41244131326675415,0.4315616488456726,0.45068198442459106,0.4698023498058319,0.48892271518707275,0.5080430507659912,0.5271633863449097,0.5462837219238281,0.5654041171073914,0.5845244526863098,0.6036447882652283,0.6227651834487915,0.64188551902771,0.6610058546066284,0.6801261901855469,0.6992465257644653,0.7183669209480286,0.737487256526947,0.7566075921058655,0.7757279872894287,0.7948483228683472,0.8139686584472656,0.8330889940261841,0.8522093296051025,0.8713297247886658,0.8904500603675842,0.9095703959465027,0.9286907911300659,0.9478111267089844,0.9669314622879028]},"gradients/sequential.9.bias":{"values":[1,0,0,0,0,0,0,0,0,0,0,0,0,0,0,0,0,0,0,0,0,0,0,0,0,0,0,0,0,0,0,0,0,0,1,0,0,6,0,0,0,0,0,0,0,0,0,0,0,1,0,0,0,0,0,0,0,0,0,0,0,0,0,1],"bins":[-0.07566776126623154,-0.0736241340637207,-0.07158050686120987,-0.06953687965869904,-0.0674932599067688,-0.06544963270425797,-0.06340600550174713,-0.0613623782992363,-0.059318751096725464,-0.05727512761950493,-0.055231500416994095,-0.05318787321448326,-0.051144249737262726,-0.04910062253475189,-0.04705699533224106,-0.04501337185502052,-0.04296974465250969,-0.040926117449998856,-0.03888249397277832,-0.03683886677026749,-0.03479523956775665,-0.03275161609053612,-0.030707988888025284,-0.02866436168551445,-0.026620736345648766,-0.02457711100578308,-0.022533483803272247,-0.020489858463406563,-0.01844623312354088,-0.016402605921030045,-0.01435898058116436,-0.012315354309976101,-0.01027173176407814,-0.008228105492889881,-0.006184479687362909,-0.0041408538818359375,-0.0020972276106476784,-5.3601572290062904e-05,0.0019900244660675526,0.004033650271594524,0.0060772765427827835,0.008120902813971043,0.010164529085159302,0.012208154425024986,0.014251780696213245,0.016295406967401505,0.01833903230726719,0.020382659509778023,0.022426284849643707,0.024469910189509392,0.026513537392020226,0.02855716273188591,0.030600789934396744,0.03264441341161728,0.03468804061412811,0.03673166781663895,0.03877529501914978,0.040818918496370316,0.04286254569888115,0.04490617290139198,0.04694979637861252,0.04899342358112335,0.051037050783634186,0.05308067426085472,0.055124301463365555],"_type":"histogram"},"gradients/sequential.3.bias":{"values":[1,0,0,0,1,0,1,0,0,0,0,0,1,0,0,1,1,2,2,0,1,2,1,1,1,1,3,0,1,2,0,0,1,3,1,2,2,1,1,2,0,4,1,3,3,0,4,2,3,1,0,1,0,1,1,0,1,1,0,0,0,0,1,1],"bins":[-0.16606557369232178,-0.16133126616477966,-0.15659697353839874,-0.15186266601085663,-0.1471283733844757,-0.1423940658569336,-0.13765975832939148,-0.13292546570301056,-0.12819115817546844,-0.12345685809850693,-0.11872255802154541,-0.1139882504940033,-0.10925395041704178,-0.10451965034008026,-0.09978534281253815,-0.09505104273557663,-0.09031674265861511,-0.0855824425816536,-0.08084814250469208,-0.07611383497714996,-0.07137953490018845,-0.06664523482322693,-0.06191093102097511,-0.0571766272187233,-0.05244232714176178,-0.04770802706480026,-0.04297372326254845,-0.03823941946029663,-0.033505119383335114,-0.028770817443728447,-0.02403651550412178,-0.019302213564515114,-0.014567896723747253,-0.009833594784140587,-0.00509929284453392,-0.0003649909049272537,0.004369311034679413,0.00910361297428608,0.013837914913892746,0.018572216853499413,0.02330651879310608,0.028040820732712746,0.03277512267231941,0.03750942647457123,0.042243726551532745,0.04697802662849426,0.05171233043074608,0.056446634232997894,0.06118093430995941,0.06591523438692093,0.07064953446388245,0.07538384199142456,0.08011814206838608,0.0848524421453476,0.08958674967288971,0.09432104974985123,0.09905534982681274,0.10378964990377426,0.10852394998073578,0.1132582575082779,0.11799255758523941,0.12272685766220093,0.12746116518974304,0.13219545781612396,0.13692976534366608],"_type":"histogram"},"_runtime":200.522652,"_step":9,"gradients/sequential.9.weight":{"values":[1,0,0,1,0,0,0,1,0,0,0,0,1,0,0,0,1,0,1,1,0,1,1,2,3,1,4,5,4,5,7,4,7,7,8,2,8,1109,14,7,12,11,13,2,4,2,1,3,6,4,4,1,2,2,0,2,0,0,0,1,2,0,1,1],