{"_timestamp":1.737372111897599e+09,"gradients/sequential.0.weight":{"values":[1,2,0,0,0,0,1,0,0,2,1,0,1,0,1,0,0,0,0,2,1,5,3,7,1,5,4,2,4,3,2,3,1,2,3,0,0,4,4,8,6,5,18,15,7,23,29,16,18,10,11,12,9,6,6,3,1,2,4,7,4,2,0,1],"bins":[-1.0588220357894897,-1.0365245342254639,-1.0142269134521484,-0.9919294118881226,-0.9696319103240967,-0.9473344087600708,-0.9250368475914001,-0.9027392864227295,-0.8804417848587036,-0.8581442832946777,-0.8358467221260071,-0.8135491609573364,-0.7912516593933105,-0.7689541578292847,-0.746656596660614,-0.7243590354919434,-0.7020615339279175,-0.6797640323638916,-0.657466471195221,-0.6351689100265503,-0.6128714084625244,-0.5905739068984985,-0.5682763457298279,-0.5459787845611572,-0.5236812829971313,-0.5013837814331055,-0.4790862202644348,-0.45678868889808655,-0.4344911575317383,-0.41219362616539,-0.38989609479904175,-0.3675985634326935,-0.3453010320663452,-0.32300350069999695,-0.3007059693336487,-0.2784084379673004,-0.25611090660095215,-0.23381337523460388,-0.21151584386825562,-0.18921831250190735,-0.16692078113555908,-0.14462324976921082,-0.12232571840286255,-0.10002818703651428,-0.07773065567016602,-0.05543312430381775,-0.03313559293746948,-0.010838061571121216,0.01145946979522705,0.03375700116157532,0.056054532527923584,0.07835206389427185,0.10064959526062012,0.12294712662696838,0.14524465799331665,0.16754218935966492,0.18983972072601318,0.21213725209236145,0.23443478345870972,0.256732314825058,0.27902984619140625,0.3013273775577545,0.3236249089241028,0.34592244029045105,0.3682199716567993],"_type":"histogram"},"_wandb":{"runtime":176},"gradients/sequential.3.bias":{"_type":"histogram","values":[1,0,0,0,0,0,0,0,0,0,0,0,0,0,0,0,0,2,0,0,0,1,0,1,2,1,4,5,3,4,2,4,5,1,1,6,2,3,2,3,1,0,0,1,1,1,2,0,1,0,1,0,1,0,0,0,0,0,0,1,0,0,0,1],"bins":[-0.3042009770870209,-0.29494765400886536,-0.28569430112838745,-0.27644097805023193,-0.2671876549720764,-0.2579343318939209,-0.2486809939146042,-0.23942765593528748,-0.23017433285713196,-0.22092100977897644,-0.21166767179965973,-0.20241433382034302,-0.1931610107421875,-0.18390768766403198,-0.17465434968471527,-0.16540101170539856,-0.15614768862724304,-0.14689436554908752,-0.1376410275697708,-0.1283876895904541,-0.11913436651229858,-0.10988103598356247,-0.10062770545482635,-0.09137437492609024,-0.08212104439735413,-0.07286771386861801,-0.0636143833398819,-0.05436105281114578,-0.04510772228240967,-0.03585439175367355,-0.02660106122493744,-0.017347730696201324,-0.00809440016746521,0.0011589303612709045,0.010412260890007019,0.019665591418743134,0.028918921947479248,0.03817225247621536,0.04742558300495148,0.05667891353368759,0.0659322440624237,0.07518557459115982,0.08443890511989594,0.09369223564863205,0.10294556617736816,0.11219889670610428,0.1214522272348404,0.1307055652141571,0.13995888829231262,0.14921221137046814,0.15846554934978485,0.16771888732910156,0.17697221040725708,0.1862255334854126,0.1954788714647293,0.20473220944404602,0.21398553252220154,0.22323885560035706,0.23249219357967377,0.24174553155899048,0.250998854637146,0.2602521777153015,0.26950550079345703,0.27875885367393494,0.28801217675209045]},"gradients/sequential.7.weight":{"bins":[-0.049800507724285126,-0.0477457195520401,-0.04569093510508537,-0.04363614693284035,-0.04158136248588562,-0.039526574313640594,-0.03747178614139557,-0.03541700169444084,-0.033362213522195816,-0.03130742534995079,-0.029252640902996063,-0.027197852730751038,-0.02514306642115116,-0.023088280111551285,-0.02103349193930626,-0.018978705629706383,-0.016923919320106506,-0.01486913301050663,-0.012814345769584179,-0.010759558528661728,-0.008704772219061852,-0.006649985443800688,-0.004595198668539524,-0.0025404118932783604,-0.00048562511801719666,0.001569161657243967,0.0036239484325051308,0.0056787352077662945,0.007733521983027458,0.009788308292627335,0.011843095533549786,0.013897882774472237,0.01595267653465271,0.018007462844252586,0.020062249153852463,0.02211703732609749,0.024171823635697365,0.02622660994529724,0.028281398117542267,0.030336184427142143,0.03239097073674202,0.034445758908987045,0.03650054335594177,0.0385553315281868,0.040610119700431824,0.04266490414738655,0.04471969231963158,0.046774476766586304,0.04882926493883133,0.050884053111076355,0.05293883755803108,0.05499362573027611,0.057048410177230835,0.05910319834947586,0.061157986521720886,0.06321277469396591,0.06526756286621094,0.06732234358787537,0.06937713176012039,0.07143191993236542,0.07348670810461044,0.07554149627685547,0.0775962769985199,0.07965106517076492,0.08170585334300995],"_type":"histogram","values":[1,1,0,3,8,9,5,7,6,6,15,15,32,33,39,83,131,250,428,715,1332,3014,8876,46271,1.087854e+06,16775,5817,3028,1714,1048,667,429,279,183,121,123,77,53,43,30,20,23,13,10,12,9,8,11,3,2,1,0,1,1,2,1,3,6,0,0,0,0,0,1]},"gradients/sequential.7.bias":{"values":[1,0,1,1,0,0,0,0,0,1,0,0,1,2,0,1,0,2,4,1,1,2,2,0,2,82,4,2,2,0,0,0,3,0,0,1,0,0,0,1,1,2,0,0,3,1,0,0,0,0,0,1,0,0,1,0,1,0,0,0,0,0,0,1],"bins":[-0.026341639459133148,-0.02530059963464737,-0.02425955981016159,-0.023218519985675812,-0.022177480161190033,-0.021136438474059105,-0.020095398649573326,-0.019054358825087547,-0.01801331900060177,-0.01697227917611599,-0.01593123935163021,-0.014890198595821857,-0.013849158771336079,-0.0128081189468503,-0.011767078191041946,-0.010726038366556168,-0.009684998542070389,-0.00864395871758461,-0.007602918427437544,-0.006561878137290478,-0.005520838312804699,-0.00447979848831892,-0.003438758198171854,-0.0023977181408554316,-0.001356678083539009,-0.00031563802622258663,0.0007254020310938358,0.0017664420884102583,0.0028074821457266808,0.0038485222030431032,0.004889562260359526,0.005930602550506592,0.006971646100282669,0.008012685924768448,0.009053725749254227,0.01009476650506258,0.011135806329548359,0.012176846154034138,0.013217886909842491,0.01425892673432827,0.015299966558814049,0.016341006383299828,0.017382046207785606,0.018423086032271385,0.019464127719402313,0.020505167543888092,0.02154620736837387,0.02258724719285965,0.02362828701734543,0.024669326841831207,0.025710366666316986,0.026751406490802765,0.027792446315288544,0.028833488002419472,0.02987452782690525,0.03091556765139103,0.03195660561323166,0.032997649163007736,0.034038688987493515,0.035079728811979294,0.03612076863646507,0.03716180846095085,0.03820284828543663,0.03924388810992241,0.04028492793440819],"_type":"histogram"},"Train accuracy":96.06205250596659,"epoch":9,"Validation accuracy":70.61068702290076,"gradients/sequential.9.bias":{"_type":"histogram","values":[1,0,0,0,0,0,0,0,0,0,0,0,0,0,0,0,0,0,0,0,0,0,0,0,0,0,0,0,0,0,0,0,0,0,0,0,6,1,0,0,0,0,0,0,1,0,0,0,0,0,0,0,0,0,0,0,0,0,0,0,0,0,0,1],"bins":[-0.10463815927505493,-0.10176030546426773,-0.09888245910406113,-0.09600460529327393,-0.09312675893306732,-0.09024890512228012,-0.08737105131149292,-0.08449320495128632,-0.08161535114049911,-0.07873750478029251,-0.07585965096950531,-0.07298179715871811,-0.0701039507985115,-0.0672260969877243,-0.0643482506275177,-0.0614703968167305,-0.0585925467312336,-0.055714696645736694,-0.05283684656023979,-0.04995899274945259,-0.04708114266395569,-0.044203292578458786,-0.041325442492961884,-0.03844759240746498,-0.03556974232196808,-0.03269188851118088,-0.029814038425683975,-0.026936188340187073,-0.02405833825469017,-0.02118048630654812,-0.018302636221051216,-0.015424785204231739,-0.012546934187412262,-0.009669083170592785,-0.006791232619434595,-0.003913382068276405,-0.0010355310514569283,0.0018423197325319052,0.004720170516520739,0.007598021067678928,0.010475872084498405,0.013353723101317883,0.01623157411813736,0.019109424203634262,0.021987274289131165,0.024865126237273216,0.02774297632277012,0.03062082827091217,0.03349867835640907,0.036376528441905975,0.03925437852740288,0.04213223233819008,0.04501008242368698,0.047887932509183884,0.050765782594680786,0.05364363268017769,0.05652148276567459,0.05939933657646179,0.062277186661958694,0.0651550367474556,0.0680328905582428,0.0709107369184494,0.0737885907292366,0.0766664370894432,0.07954429090023041]},