{"gradients/sequential.0.bias":{"bins":[-0.6700469851493835,-0.6540219187736511,-0.6379967927932739,-0.6219717264175415,-0.6059466004371643,-0.5899215340614319,-0.5738964080810547,-0.5578713417053223,-0.5418462157249451,-0.5258211493492126,-0.5097960233688354,-0.493770956993103,-0.4777458608150482,-0.4617207646369934,-0.4456956684589386,-0.4296705722808838,-0.413645476102829,-0.39762037992477417,-0.38159528374671936,-0.36557018756866455,-0.34954509139060974,-0.33351999521255493,-0.3174948990345001,-0.3014698028564453,-0.2854447364807129,-0.2694196403026581,-0.25339454412460327,-0.23736943304538727,-0.22134435176849365,-0.20531925559043884,-0.18929415941238403,-0.17326906323432922,-0.15724396705627441,-0.1412188708782196,-0.1251937747001648,-0.10916868597269058,-0.09314358979463577,-0.07711849361658096,-0.06109340116381645,-0.04506830871105194,-0.02904321253299713,-0.013018118217587471,0.0030069760978221893,0.01903207041323185,0.03505716472864151,0.05108226090669632,0.06710734963417053,0.08313244581222534,0.09915754199028015,0.11518263816833496,0.13120773434638977,0.14723283052444458,0.1632579267024994,0.179283007979393,0.19530810415744781,0.21133320033550262,0.22735829651355743,0.24338339269161224,0.25940847396850586,0.27543357014656067,0.2914586663246155,0.3074837625026703,0.3235088586807251,0.3395339548587799,0.3555590510368347],"_type":"histogram","values":[1,0,0,0,1,0,0,0,1,2,1,0,0,0,0,0,1,1,1,0,1,0,0,0,0,0,0,0,1,0,0,0,2,3,0,0,0,1,0,0,0,1,1,1,3,2,0,1,1,2,1,0,0,1,0,0,0,0,0,0,0,0,0,1]},"gradients/sequential.3.weight":{"_type":"histogram","values":[2,0,1,2,1,3,3,7,7,9,8,17,25,25,26,48,64,72,134,136,203,256,436,529,855,1288,2425,4527,2464,1573,1020,692,416,296,209,147,100,82,62,48,35,39,31,16,15,13,10,8,8,6,5,4,4,6,3,3,2,0,1,0,1,2,0,2],"bins":[-0.23686307668685913,-0.22821862995624542,-0.2195741832256317,-0.210929736495018,-0.2022852897644043,-0.19364085793495178,-0.18499641120433807,-0.17635196447372437,-0.16770751774311066,-0.15906307101249695,-0.15041862428188324,-0.14177417755126953,-0.13312974572181702,-0.12448529154062271,-0.1158408522605896,-0.10719640552997589,-0.09855195879936218,-0.08990751206874847,-0.08126306533813477,-0.07261862605810165,-0.06397417932748795,-0.05532973259687424,-0.04668528959155083,-0.03804084658622742,-0.02939639985561371,-0.02075195498764515,-0.01210751011967659,-0.0034630652517080307,0.0051813796162605286,0.013825824484229088,0.022470269352197647,0.031114714220166206,0.03975912928581238,0.048403576016426086,0.057048019021749496,0.0656924620270729,0.07433690875768661,0.08298135548830032,0.09162579476833344,0.10027024149894714,0.10891468822956085,0.11755913496017456,0.12620358169078827,0.13484802842140198,0.1434924602508545,0.1521369069814682,0.1607813537120819,0.16942580044269562,0.17807024717330933,0.18671469390392303,0.19535914063453674,0.20400358736515045,0.21264803409576416,0.22129246592521667,0.22993691265583038,0.2385813593864441,0.2472258061170578,0.2558702528476715,0.264514684677124,0.2731591463088989,0.28180357813835144,0.29044803977012634,0.29909247159957886,0.30773693323135376,0.3163813650608063]},"gradients/sequential.7.bias":{"values":[1,0,0,1,0,0,0,0,0,1,0,1,0,0,1,0,1,0,1,0,1,1,0,1,1,0,0,1,2,1,3,2,1,1,3,87,1,0,0,0,3,0,1,0,0,1,0,0,1,3,0,1,1,2,0,0,0,1,0,0,0,0,0,1],"bins":[-0.042050037533044815,-0.04085027053952217,-0.039650507271289825,-0.03845074027776718,-0.03725097328424454,-0.03605121001601219,-0.03485144302248955,-0.033651676028966904,-0.03245191276073456,-0.031252145767211914,-0.03005238063633442,-0.028852615505456924,-0.02765284851193428,-0.026453083381056786,-0.02525331825017929,-0.024053551256656647,-0.022853786125779152,-0.021654020994901657,-0.020454254001379013,-0.019254488870501518,-0.018054723739624023,-0.01685495674610138,-0.015655191615223885,-0.01445542648434639,-0.01325566042214632,-0.012055894359946251,-0.010856129229068756,-0.009656363166868687,-0.008456597104668617,-0.0072568319737911224,-0.006057065911591053,-0.004857300315052271,-0.0036575347185134888,-0.0024577691219747066,-0.0012580032926052809,-5.823757965117693e-05,0.001141528133302927,0.002341293729841709,0.003541059559211135,0.004740825388580561,0.005940590985119343,0.007140356581658125,0.008340122178196907,0.009539888240396976,0.010739654302597046,0.01193941943347454,0.01313918549567461,0.014338950626552105,0.015538716688752174,0.01673848181962967,0.017938248813152313,0.019138013944029808,0.020337779074907303,0.021537546068429947,0.02273731119930744,0.023937076330184937,0.02513684332370758,0.026336608454585075,0.02753637358546257,0.028736138716340065,0.02993590570986271,0.031135670840740204,0.03233543783426285,0.033535201102495193,0.03473496809601784],"_type":"histogram"},"epoch":9,"_wandb":{"runtime":164},"Validation loss":1.1226696803988445,"Train accuracy":95.21479713603819,"gradients/sequential.7.weight":{"_type":"histogram","values":[1,0,1,2,1,3,3,1,1,8,8,4,10,17,20,29,30,53,62,118,165,204,298,437,655,959,1496,2353,4202,8546,27029,1.105558e+06,13516,6113,3282,1760,1016,646,341,216,131,87,65,52,46,28,20,16,7,4,9,4,4,0,0,2,3,1,0,1,0,2,1,1],"bins":[-0.08910141885280609,-0.08625585585832596,-0.08341028541326523,-0.0805647224187851,-0.07771915197372437,-0.07487358897924423,-0.0720280259847641,-0.06918245553970337,-0.06633689254522324,-0.0634913295507431,-0.06064575910568237,-0.05780019611120224,-0.05495462939143181,-0.05210906267166138,-0.049263499677181244,-0.04641793295741081,-0.04357236623764038,-0.04072679951786995,-0.03788123279809952,-0.035035669803619385,-0.03219010308384895,-0.02934453636407852,-0.02649897150695324,-0.023653406649827957,-0.020807839930057526,-0.017962273210287094,-0.015116708353161812,-0.012271142564713955,-0.009425576776266098,-0.006580010987818241,-0.003734445199370384,-0.0008888794109225273,0.0019566789269447327,0.00480224471539259,0.0076478105038404465,0.010493376292288303,0.01333894208073616,0.016184508800506592,0.019030073657631874,0.021875638514757156,0.024721205234527588,0.02756677195429802,0.0304123368114233,0.033257901668548584,0.036103468388319016,0.03894903510808945,0.04179459810256958,0.04464016482234001,0.04748573154211044,0.050331298261880875,0.053176864981651306,0.05602242797613144,0.05886799469590187,0.0617135614156723,0.06455912441015244,0.06740469485521317,0.0702502578496933,0.07309582084417343,0.07594139128923416,0.0787869542837143,0.08163252472877502,0.08447808772325516,0.08732365071773529,0.09016922116279602,0.09301478415727615]},"_step":9,"Validation accuracy":70.99236641221374,"gradients/sequential.0.weight":{"values":[1,0,0,0,1,1,0,0,0,0,1,0,1,0,0,1,2,0,1,2,1,1,3,7,7,5,9,12,6,7,9,6,16,12,16,23,13,11,7,8,7,9,9,6,4,6,6,2,7,4,4,8,1,6,2,2,2,0,6,1,0,3,2,1],"bins":[-0.4640670120716095,-0.4502321481704712,-0.4363972842693329,-0.4225623905658722,-0.4087275266647339,-0.3948926627635956,-0.3810577988624573,-0.36722293496131897,-0.35338807106018066,-0.33955317735671997,-0.32571831345558167,-0.31188344955444336,-0.29804858565330505,-0.28421372175216675,-0.27037882804870605,-0.25654396414756775,-0.24270910024642944,-0.22887423634529114,-0.21503935754299164,-0.20120449364185333,-0.18736961483955383,-0.17353475093841553,-0.15969988703727722,-0.14586500823497772,-0.13203014433383942,-0.11819527298212051,-0.10436040163040161,-0.0905255377292633,-0.0766906663775444,-0.0628557950258255,-0.049020927399396896,-0.03518605977296829,-0.021351158618927002,-0.007516289129853249,0.006318580359220505,0.020153449848294258,0.03398831933736801,0.047823190689086914,0.06165805831551552,0.07549292594194412,0.08932779729366302,0.10316266864538193,0.11699753999710083,0.13083240389823914,0.14466726779937744,0.15850214660167694,0.17233701050281525,0.18617188930511475,0.20000675320625305,0.21384161710739136,0.22767649590969086,0.24151135981082916,0.25534623861312866,0.26918110251426697,0.2830159664154053,0.2968508303165436,0.3106856942176819,0.3245205879211426,0.3383554518222809,0.3521903157234192,0.3660251796245575,0.3798600435256958,0.3936949372291565,0.4075298011302948,0.4213646650314331],"_type":"histogram"},